{
  "metrics": {
    "cell_accuracy": 0.9528343209876543,
    "puzzle_accuracy": 0.5653,
    "row_violations": 56010,
    "col_violations": 55980,
    "box_violations": 48358,
    "row_violation_rate": 0.12446666666666667,
    "col_violation_rate": 0.1244,
    "box_violation_rate": 0.10746222222222222,
    "total_violations": 160348,
    "valid_puzzles": 49997,
    "empty_cell_accuracy": 0.900593270986779,
    "given_preserved": 0.9999657135986443
  },
  "difficulty": {
    "easy (35+)": 0.6590998453432593,
    "medium (28-34)": 0.2878089265953523,
    "hard (22-27)": 0.0,
    "extreme (<22)": 0.0
  },
  "error_positions": [
    0.04568,
    0.04676,
    0.04564,
    0.0491,
    0.04754,
    0.04728,
    0.0463,
    0.04584,
    0.0465,
    0.04554,
    0.0479,
    0.0473,
    0.04646,
    0.04692,
    0.04664,
    0.04646,
    0.04712,
    0.04606,
    0.04864,
    0.04778,
    0.04574,
    0.0465,
    0.04652,
    0.04764,
    0.04748,
    0.046,
    0.04444,
    0.04748,
    0.0453,
    0.04782,
    0.04702,
    0.04574,
    0.04636,
    0.04592,
    0.04674,
    0.04768,
    0.048,
    0.0464,
    0.0491,
    0.04648,
    0.04856,
    0.0468,
    0.04606,
    0.0465,
    0.0475,
    0.04726,
    0.04666,
    0.04544,
    0.04634,
    0.04786,
    0.04634,
    0.0461,
    0.04636,
    0.04578,
    0.04688,
    0.0464,
    0.04884,
    0.04756,
    0.04748,
    0.04952,
    0.04668,
    0.04536,
    0.0466,
    0.04824,
    0.049,
    0.04956,
    0.04804,
    0.04888,
    0.05,
    0.04686,
    0.04696,
    0.04752,
    0.04794,
    0.04834,
    0.04868,
    0.04712,
    0.0488,
    0.05008,
    0.04852,
    0.04812,
    0.04706
  ]
}