{
    "train_loss": [],
    "val_loss": [
      0.8751229643821716,
      0.30796995759010315,
      0.2438131719827652,
      0.17482557892799377,
      0.16181343793869019,
      0.15149255096912384,
      0.14810623228549957,
      0.1458873748779297,
      0.14530794322490692,
      0.14463189244270325,
      0.14209122955799103,
      0.1418306529521942,
      0.14059674739837646,
      0.14023776352405548,
      0.13868208229541779,
      0.13762721419334412,
      0.137579545378685,
      0.13745160400867462,
      0.13710865378379822,
      0.13706964254379272,
      0.13688704371452332,
      0.13678908348083496,
      0.1366358995437622,
      0.13623729348182678,
      0.136222243309021
    ],
    "val_acc": [
      0.0295,
      0.2015,
      0.342,
      0.469,
      0.496,
      0.5355,
      0.54,
      0.5475,
      0.5535,
      0.5515,
      0.5605,
      0.567,
      0.565,
      0.572,
      0.578,
      0.578,
      0.5725,
      0.576,
      0.577,
      0.584,
      0.579,
      0.5825,
      0.585,
      0.5875,
      0.591
    ],
    "lr": [
      0.0004999984502792359,
      0.0004999904036521912,
      0.0004998472929000855,
      0.0004997980892658233,
      0.0004997420310974121,
      0.0004996791332960128,
      0.0004996093660593033,
      0.0004995327591896057,
      0.0004993589818477631,
      0.0004992618262767792,
      0.0004991578459739685,
      0.0004988048523664474,
      0.0004986735284328461,
      0.0004985353648662567,
      0.000498390406370163,
      0.0004982386082410812,
      0.0004954004287719727,
      0.0004951469898223877,
      0.0004946199208498001,
      0.0004940659999847412,
      0.0004937789887189865,
      0.0004915830492973328,
      0.0004901821613311767,
      0.0004898154437541961,
      0.0004853494018316269
    ],
    "training_time_seconds": 122131.0,
    "best_val_acc": 0.591,
    "best_val_loss": 0.136222243309021,
    "final_epoch": 372,
    "total_steps": 90768
  }